,Product,Price,Rating,Sold,Supplier
1,140CM to 200CM cheap giant unstuffed empty teddy ear earskin coat soft ig skin shell Semi-finished plush toys soft kid doll,8.80 - 23.19,4.5,197,VIP Baby Dolls Store
2,1PCS Hot 10CM Kawaii Small Teddy Bears Plush Toys Stuffed Animals Fluffy Bear Dolls Soft Kids Toys,1.12,4.7,733,duoduo shop
3,Cartoon We Bare Bears Plush Toys Panda Polar Brown Bear Stuffed Animals Dolls Soft Toys Kids Children Kawaii Doll For Kids Gift,3.29 - 3.99,4.8,272,Elephanose First Store
4,30/60cm Kawaii Pig Stuffe Plush Doll Cosplay Cat&Bear&Dog Toy Bay Soft Animal Pig Pillow Children Girl Birthday Christmas Gift,8.35 - 22.65,4.9,140,LYDBAOBO Official Store
5,Artificial Flowers Rose Bear Multicolor Plastic Foam Rose Teddy Bear Girlfriend Valentines Day Gift Birthday Party Decoration,7.59 - 15.85,4.6,1648,147258369 Store
6,"""1pc Big I Love You Teddy Bear Large Stuffed Plush Toy Holding LOVE Heart Soft Gift for Valentine Day Birthday Girls Brinquedos""",9.19 - 38.93,4.7,64,BOOKFONG Official Store
7,"1pc Huge Size 260cm American Giant Bear Skin ,Teddy Bear Coat ,Good Quality Factary Price Soft Toys For Girls Popular Gift",38.25,5.0,169,GFNANHAI Official Store
8,New Hot High Quality 4 Colors Teddy Bear With Scarf Stuffed Animals Bear Plush Toys Doll Pillow Kids Lovers Birthday Bay Gift,10.35 - 26.63,4.6,336,Angle's Park Store
9,High Quality Toy Cartoon Teddy Bear Plush Toys 25cm Stuffed Plush Animals Bear Doll Birthday Gift For Children,5.45,4.8,446,Fantasy kid's Dolls Store
10,Bear Cute Home Gift Birthday Soft Bedtime Sleeping Cartoon Bay Plush Toy,3.33 - 3.36,4.6,1,Baby World
11,Cute Bay Big Giant Panda Bear Plush Stuffed Animal Doll Animals Toy Pillow Cartoon Kawaii Dolls Girls Lover Gifts,5.25 - 27.19,4.6,597,DOYOUDO Store
12,"""25cm Bear of Rose Dolls PE Artificial Rose Handmade Romantic Love Heart Rose Flower Bear Foam Toy Valentines Day wedding Gift""",8.95,4.7,612,"eLife Co.,Ltd"
13,teddy ear ig cute stuffed animals for aies girls girlfriend small soft toy dolls with small eyes 100cm plush toys for child,42.69,4.7,6,OtardNPK Toy Store
14,7.8 Inch Plush Polar Bear Sweet Cute Lovely Stuffed Bay Kids Toys for Girls Birthday Christmas Gift Cute Girl 20cm Bay Doll,3.60,4.7,93,Naughty Children Store
15,25cm Rose Teddy Bear Rose Flower Artificial Decoration Valentine Day Birthday Party Wedding Decoration Gift Valentines Day Gift,2.66 - 3.69,3.0,111,Pleasure Toy World Store
16,"""1pcs Foam Teddy Bear Molding DIY Toy for Valentines Day Party Wedding Decoration Rose Bear Mold Foam Kids Birthday Decor Gifts""",0.99 - 2.63,5.0,355,Arrydrry Offcial Store
17,1 Piece 12cm Mini Teddy Bear Plush Stuffed Toy Doll Gift for Children Kids Friend Valentines,0.44,4.2,20,Baby's Places Store
18,60cm Donald Trump Bear Plush Toys New Cool USA President Bear American Flag Bear Dolls toys Gift For Children Boy,15.70,4.9,93,WOHGYF Store
19,Cartoon Polar Bear Lying Bear Stuffed Down Cotton Animal Plush Toys for Children Kawaii Doll for Kids Gift Pillow,19.98 - 39.99,4.9,1,365ebuy(drop shipping) Store
20,35cm Glowing Flashing Plush Toy Teddy Bears LED Light Luminous Colorful Stuffed Plush Creative Gifts Toys For Children Kids,8.80,5.0,2,GOOD LUCKY BOY Official Store
21,America Giant Teddy Bear Plush Toys Soft Teddy Bear Skin Popular Birthday Valentine Gifts For Girls Kids,10.24 - 25.46,4.6,144,BOOKFONG Official Store
22,1PCS Plush Bouquet Bear Toys Fluffy Skirt Dolls Cute Mini Cotton Bears Doll Toy for Girls Small Pendant Valentinepa Party Gift,0.37,4.9,37,HANDANWEIRAN Store
23,"Selling Toy Big Size 200cm American Giant Bear Skin ,Teddy Bear Coat ,Good Quality Factary Price Soft Toys For Girls",28.80,4.7,215,GFNANHAI Official Store
24,Cartoon Anime We Bare Bear Plush Toys Pom Pom Key Pendant Kids Girls Boys Gift Keychain Bay Toys Bag Pendant Decor Stuffed Doll,0.99 - 1.69,4.7,245,Elephanose First Store
25,New Style Hot Selling American Peekaoo Bear Talking Will Move The Teddy Bear Electric Voice Over Face Shy Bear Plush Toy,8 - 17.98,4.9,218,Boutique goods quality shop Store
26,2020 Valentines Day Gift 25cm Simulated PE Flower Rose Bear Flower Artificial Decoration Christmas Gifts Women Valentines Gift,1.37 - 4.59,4.9,17,TOY LOVES Store
27,"""2019 Romantic Valentines Day Plush Rose Teddy Bear Cute Christmas Wedding Present With Box Wholesale Dropshipping Pudcoco Hot""",3.01 - 9.95,4.6,156,yuanyuan Store
28,80-100cm 1m Giant filled full Big Large teddy ears Stuffed toys pink children irthday gift soft Pillow teddies plush Dolls,21.63 - 31.47,4.8,37,DCY Tower Store
29,"Little Mini Cute 6Colors 3CM Joint Bear Stuffed Plush TOY DOLL ; Bear Plush TOY Garments , Hair Decor Plush DOLL Accessories TOY",0.49 - 0.99,4.8,58,"Shanghai Victoria Trading Ltd.,"
30,10PCS/Lot Mini Joint Bear Stuffed Plush Toys 6.5cm Cute Light Ted Bears Pendant Dolls Gifts Birthday Wedding Party Decor J00502,4.90,4.9,375,Replaycoo Official Store
